Tweet,Removed Stopwords
Benitez qui demande de faire revenir Casemiro en 2015 et lui avec Vinicius on oublie pas ,Benitez demande faire revenir Casemiro 2015 Vinicius oublie
Un singe qui danse  La nouvelle polÃ©mique Vinicius ,singe danse nouvelle polÃ©mique Vinicius
"Vinicius a invitÃ© un supporter ayant des besoins spÃ©ciaux Ã  assister au match de Cadix et a pris en charge tous les frais pour lui 

 ",Vinicius a invitÃ© supporter besoins spÃ©ciaux assister match Cadix a pris charge tous frais
Vinicius qui arrive Ã  se sortir dune prise otage pendant que Mbabidi aurait taper un sprint sur le bord du terrain ptdrrr ,Vinicius arrive sortir dune prise otage pendant Mbabidi taper sprint bord terrain ptdrrr
Ici Vinicius il fait pleurer leurs joueurs ,Ici Vinicius fait pleurer leurs joueurs
" AprÃ¨s la fin du match  Ivan Alejo est allÃ© voir Vinicius pour sexpliquer par rapport Ã  un tweet datant de 2022 qui avait Ã©tÃ© jugÃ© comme raciste envers le brÃ©silien

 Vinicius Jr a Ã©tÃ© convaincu par les explications mettant ainsi fin Ã  cette histoire ",AprÃ¨s fin match Ivan Alejo allÃ© voir Vinicius sexpliquer rapport tweet datant 2022 jugÃ© comme raciste envers brÃ©silien Vinicius Jr a convaincu explications mettant ainsi fin cette histoire
"Vinicius sur Instagram  

 On collectionne les titres ensembles  ",Vinicius Instagram collectionne titres ensembles
"ğŸ—ğŸğŸğŸ 

Incroyable

Cest grÃ¢ce Ã  vous que je prends autant de plaisir Ã  gÃ©rer ce compte Je suis tellement Ã©panoui je vous jure

Un grand ğ— ğ—˜ğ—¥ğ—–ğ—œ Ã  ces 9000 personnes qui font partie de cette aventure je vous promets plein de projets qui arrivent sur Vinicius  ",ğŸ—ğŸğŸğŸ Incroyable Cest grÃ¢ce prends autant plaisir gÃ©rer compte tellement Ã©panoui jure grand ğ— ğ—˜ğ—¥ğ—–ğ—œ 9000 personnes font partie cette aventure promets plein projets arrivent Vinicius
Bah si cest Bellingham ou Vinicius je prend  ,Bah si cest Bellingham Vinicius prend
Dans une attaque il est celui qui a le plus de chances de soulever Rodrygo pour une attaque Ã  3 avec Vinicius et MbappÃ© Guler je trouve quil a le mÃªme manque de vitesse que Brahim quand il est arrivÃ© Ã  Madrid en 2020 ,attaque celui a plus chances soulever Rodrygo attaque 3 Vinicius MbappÃ© Guler trouve quil a manque vitesse Brahim quand arrivÃ© Madrid 2020
